{
    "metrics": {
        "data_sent": {
            "count": 7279890,
            "rate": 13442.585222983967
        },
        "http_req_sending": {
            "avg": 0.01665724838806098,
            "min": 0,
            "med": 0,
            "max": 14.1991,
            "p(90)": 0,
            "p(95)": 0
        },
        "http_req_connecting": {
            "avg": 0.01523486058328707,
            "min": 0,
            "med": 0,
            "max": 14.5202,
            "p(90)": 0,
            "p(95)": 0
        },
        "iteration_duration": {
            "avg": 2006.929832738373,
            "min": 1528.3435,
            "med": 1865.2009,
            "max": 3509.467,
            "p(90)": 2704.86542,
            "p(95)": 2947.7241200000003
        },
        "http_req_tls_handshaking": {
            "p(90)": 0,
            "p(95)": 0,
            "avg": 0.02294578333831504,
            "min": 0,
            "med": 0,
            "max": 22.9642
        },
        "http_req_waiting": {
            "max": 647.5805,
            "p(90)": 166.93674000000001,
            "p(95)": 238.27848999999952,
            "avg": 73.78380864255504,
            "min": 0,
            "med": 46.1542
        },
        "http_req_duration{expected_response:true}": {
            "avg": 91.16737747128467,
            "min": 0,
            "med": 49.9877,
            "max": 948.9535,
            "p(90)": 242.86594000000008,
            "p(95)": 292.93012999999996
        },
        "http_req_failed": {
            "fails": 23419,
            "passes": 0,
            "thresholds": {
                "rate<0.01": false
            },
            "value": 0
        },
        "vus_max": {
            "max": 10,
            "value": 10,
            "min": 10
        },
        "http_req_receiving": {
            "max": 824.8212,
            "p(90)": 18.804760000000005,
            "p(95)": 151.31043999999994,
            "avg": 17.36691158034084,
            "min": 0,
            "med": 0.6077
        },
        "http_reqs": {
            "count": 23419,
            "rate": 43.2440467283244
        },
        "data_received": {
            "count": 9387432432,
            "rate": 17334240.008044578
        },
        "http_req_blocked": {
            "avg": 0.042619385968657914,
            "min": 0,
            "med": 0,
            "max": 33.028,
            "p(90)": 0,
            "p(95)": 0
        },
        "iterations": {
            "rate": 3.931276975302218,
            "count": 2129
        },
        "http_req_duration": {
            "avg": 91.16737747128467,
            "min": 0,
            "med": 49.9877,
            "max": 948.9535,
            "p(90)": 242.86594000000008,
            "p(95)": 292.93012999999996,
            "thresholds": {
                "p(95)<1000": false
            }
        },
        "checks": {
            "passes": 23419,
            "fails": 936760,
            "value": 0.024390243902439025
        },
        "vus": {
            "value": 1,
            "min": 1,
            "max": 10
        }
    },
    "root_group": {
        "checks": {
            "200 OK": {
                "passes": 12774,
                "fails": 10645,
                "name": "200 OK",
                "path": "::200 OK",
                "id": "e9654c443eff553da9e69eda7007924e"
            },
            "201 Created": {
                "name": "201 Created",
                "path": "::201 Created",
                "id": "728dcd977aae263ca314731145e1d447",
                "passes": 0,
                "fails": 23419
            },
            "202 Accepted": {
                "passes": 0,
                "fails": 23419,
                "name": "202 Accepted",
                "path": "::202 Accepted",
                "id": "acab4da37fb572a972947bf17f4325bd"
            },
            "203 Non-Authoritative Information": {
                "fails": 23419,
                "name": "203 Non-Authoritative Information",
                "path": "::203 Non-Authoritative Information",
                "id": "b7472590a531600716e1cfe36a2cc16b",
                "passes": 0
            },
            "204 No Content": {
                "name": "204 No Content",
                "path": "::204 No Content",
                "id": "54fa3c2eda34e1622fda2da5e0479fc5",
                "passes": 0,
                "fails": 23419
            },
            "205 Reset Content": {
                "name": "205 Reset Content",
                "path": "::205 Reset Content",
                "id": "f2fbc0d2e96017dc8a20874fb2b3eb3e",
                "passes": 0,
                "fails": 23419
            },
            "206 Partial Content": {
                "name": "206 Partial Content",
                "path": "::206 Partial Content",
                "id": "ba835ad858048a86f1ba78a4bfe7f068",
                "passes": 0,
                "fails": 23419
            },
            "300 Multiple Choices": {
                "name": "300 Multiple Choices",
                "path": "::300 Multiple Choices",
                "id": "7e7d3f02d12c1fa7ab9c4e881a5cf318",
                "passes": 0,
                "fails": 23419
            },
            "301 Moved Permanently": {
                "name": "301 Moved Permanently",
                "path": "::301 Moved Permanently",
                "id": "1b7d2a39fe4cc638ad2754ac67f00ccb",
                "passes": 0,
                "fails": 23419
            },
            "302 Found": {
                "name": "302 Found",
                "path": "::302 Found",
                "id": "d46ec7358c774aa92d88240335500e8e",
                "passes": 10645,
                "fails": 12774
            },
            "303 See Other": {
                "name": "303 See Other",
                "path": "::303 See Other",
                "id": "0d0e93d7c99bc155272a5204f7643299",
                "passes": 0,
                "fails": 23419
            },
            "304 Not Modified": {
                "id": "d975419d4125d2ee752ac1907c0b673a",
                "passes": 0,
                "fails": 23419,
                "name": "304 Not Modified",
                "path": "::304 Not Modified"
            },
            "305 Use Proxy": {
                "fails": 23419,
                "name": "305 Use Proxy",
                "path": "::305 Use Proxy",
                "id": "b7a07ac53f4aa9d40fbbc8a330d32004",
                "passes": 0
            },
            "307 Temporary Redirect": {
                "name": "307 Temporary Redirect",
                "path": "::307 Temporary Redirect",
                "id": "476c5e7bdd14b41e2c353568d067cad5",
                "passes": 0,
                "fails": 23419
            },
            "308 Permanent Redirect": {
                "name": "308 Permanent Redirect",
                "path": "::308 Permanent Redirect",
                "id": "89363db764ec770f0fb743190f6d5338",
                "passes": 0,
                "fails": 23419
            },
            "400 Bad Request": {
                "name": "400 Bad Request",
                "path": "::400 Bad Request",
                "id": "eeae81934b9b58bccaf0184a6d070338",
                "passes": 0,
                "fails": 23419
            },
            "401 Unauthorized": {
                "name": "401 Unauthorized",
                "path": "::401 Unauthorized",
                "id": "6ae9254e6aefe7f0bafe5102fa7e20a5",
                "passes": 0,
                "fails": 23419
            },
            "403 Forbidden": {
                "fails": 23419,
                "name": "403 Forbidden",
                "path": "::403 Forbidden",
                "id": "655548b761742c5a7ad15aa7df3a5d9c",
                "passes": 0
            },
            "404 Not Found": {
                "name": "404 Not Found",
                "path": "::404 Not Found",
                "id": "df1528f9925ca236bac51008f77b774a",
                "passes": 0,