{
    "metrics": {
        "checks": {
            "passes": 11,
            "fails": 440,
            "value": 0.024390243902439025
        },
        "http_req_blocked": {
            "avg": 4.972836363636364,
            "min": 0,
            "med": 0,
            "max": 31.1246,
            "p(90)": 23.5766,
            "p(95)": 27.3506
        },
        "http_req_sending": {
            "p(95)": 0,
            "avg": 0,
            "min": 0,
            "med": 0,
            "max": 0,
            "p(90)": 0
        },
        "http_req_connecting": {
            "avg": 2.0055636363636364,
            "min": 0,
            "med": 0,
            "max": 11.6058,
            "p(90)": 10.4554,
            "p(95)": 11.0306
        },
        "http_req_receiving": {
            "max": 79.4461,
            "p(90)": 28.5294,
            "p(95)": 53.987750000000005,
            "avg": 11.072963636363635,
            "min": 0,
            "med": 0.9325
        },
        "data_sent": {
            "count": 4069,
            "rate": 2517.3336580068903
        },
        "iteration_duration": {
            "avg": 1616.3625,
            "min": 1616.3625,
            "med": 1616.3625,
            "max": 1616.3625,
            "p(90)": 1616.3625,
            "p(95)": 1616.3625
        },
        "http_req_duration": {
            "avg": 50.79493636363636,
            "min": 15.989,
            "med": 22.5541,
            "max": 174.0617,
            "p(90)": 119.5667,
            "p(95)": 146.8142
        },
        "http_req_failed": {
            "passes": 0,
            "fails": 11,
            "value": 0
        },
        "data_received": {
            "count": 4413851,
            "rate": 2730679.696172861
        },
        "vus_max": {
            "value": 1,
            "min": 1,
            "max": 1
        },
        "iterations": {
            "count": 1,
            "rate": 0.6186615035652225
        },
        "http_req_tls_handshaking": {
            "avg": 2.9672727272727273,
            "min": 0,
            "med": 0,
            "max": 20.6692,
            "p(90)": 11.9708,
            "p(95)": 16.32
        },
        "http_reqs": {
            "rate": 6.805276539217448,
            "count": 11
        },
        "vus": {
            "max": 1,
            "value": 1,
            "min": 1
        },
        "http_req_duration{expected_response:true}": {
            "p(95)": 146.8142,
            "avg": 50.79493636363636,
            "min": 15.989,
            "med": 22.5541,
            "max": 174.0617,
            "p(90)": 119.5667
        },
        "http_req_waiting": {
            "avg": 39.72197272727272,
            "min": 15.5344,
            "med": 22.5541,
            "max": 110.119,
            "p(90)": 94.6156,
            "p(95)": 102.3673
        }
    },
    "root_group": {
        "path": "",
        "id": "d41d8cd98f00b204e9800998ecf8427e",
        "groups": {},
        "checks": {
                "200 OK": {
                    "id": "e9654c443eff553da9e69eda7007924e",
                    "passes": 6,
                    "fails": 5,
                    "name": "200 OK",
                    "path": "::200 OK"
                },
                "201 Created": {
                    "name": "201 Created",
                    "path": "::201 Created",
                    "id": "728dcd977aae263ca314731145e1d447",
                    "passes": 0,
                    "fails": 11
                },
                "202 Accepted": {
                    "fails": 11,
                    "name": "202 Accepted",
                    "path": "::202 Accepted",
                    "id": "acab4da37fb572a972947bf17f4325bd",
                    "passes": 0
                },
                "203 Non-Authoritative Information": {
                    "fails": 11,
                    "name": "203 Non-Authoritative Information",
                    "path": "::203 Non-Authoritative Information",
                    "id": "b7472590a531600716e1cfe36a2cc16b",
                    "passes": 0
                },
                "204 No Content": {
                    "passes": 0,
                    "fails": 11,
                    "name": "204 No Content",
                    "path": "::204 No Content",
                    "id": "54fa3c2eda34e1622fda2da5e0479fc5"
                },
                "205 Reset Content": {
                    "name": "205 Reset Content",
                    "path": "::205 Reset Content",
                    "id": "f2fbc0d2e96017dc8a20874fb2b3eb3e",
                    "passes": 0,
                    "fails": 11
                },
                "206 Partial Content": {
                    "path": "::206 Partial Content",
                    "id": "ba835ad858048a86f1ba78a4bfe7f068",
                    "passes": 0,
                    "fails": 11,
                    "name": "206 Partial Content"
                },
                "300 Multiple Choices": {
                    "fails": 11,
                    "name": "300 Multiple Choices",
                    "path": "::300 Multiple Choices",
                    "id": "7e7d3f02d12c1fa7ab9c4e881a5cf318",
                    "passes": 0
                },
                "301 Moved Permanently": {
                    "name": "301 Moved Permanently",
                    "path": "::301 Moved Permanently",
                    "id": "1b7d2a39fe4cc638ad2754ac67f00ccb",
                    "passes": 0,
                    "fails": 11
                },
                "302 Found": {
                    "id": "d46ec7358c774aa92d88240335500e8e",
                    "passes": 5,
                    "fails": 6,
                    "name": "302 Found",
                    "path": "::302 Found"
                },
                "303 See Other": {
                    "name": "303 See Other",
                    "path": "::303 See Other",
                    "id": "0d0e93d7c99bc155272a5204f7643299",
                    "passes": 0,
                    "fails": 11
                },
                "304 Not Modified": {
                    "name": "304 Not Modified",
                    "path": "::304 Not Modified",
                    "id": "d975419d4125d2ee752ac1907c0b673a",
                    "passes": 0,
                    "fails": 11
                },
                "305 Use Proxy": {
                    "name": "305 Use Proxy",
                    "path": "::305 Use Proxy",
                    "id": "b7a07ac53f4aa9d40fbbc8a330d32004",
                    "passes": 0,
                    "fails": 11
                },
                "307 Temporary Redirect": {
                    "passes": 0,
                    "fails": 11,
                    "name": "307 Temporary Redirect",
                    "path": "::307 Temporary Redirect",
                    "id": "476c5e7bdd14b41e2c353568d067cad5"
                },
                "308 Permanent Redirect": {
                    "path": "::308 Permanent Redirect",
                    "id": "89363db764ec770f0fb743190f6d5338",
                    "passes": 0,
                    "fails": 11,
                    "name": "308 Permanent Redirect"
                },
                "400 Bad Request": {
                    "name": "400 Bad Request",
                    "path": "::400 Bad Request",
                    "id": "eeae81934b9b58bccaf0184a6d070338",
                    "passes": 0,
                    "fails": 11
                },
                "401 Unauthorized": {
                    "name": "401 Unauthorized",
                    "path": "::401 Unauthorized",
                    "id": "6ae9254e6aefe7f0bafe5102fa7e20a5",
                    "passes": 0,
                    "fails": 11
                },
                "403 Forbidden": {
                    "passes": 0,
                    "fails": 11,
                    "name": "403 Forbidden",
                    "path": "::403 Forbidden",