{
    "metrics": {
        "http_req_waiting": {
            "min": 11.0014,
            "med": 95.2271,
            "max": 14847.1914,
            "p(90)": 542.6567,
            "p(95)": 801.25445,
            "avg": 216.93600748538725
        },
        "http_req_blocked": {
            "avg": 4.723900433662244,
            "min": 0,
            "med": 0,
            "max": 4045.3826,
            "p(90)": 0,
            "p(95)": 0
        },
        "iteration_duration": {
            "avg": 50490.796409847375,
            "min": 1769.5436,
            "med": 53301.82815,
            "max": 110190.7185,
            "p(90)": 67101.99563,
            "p(95)": 69016.22662500001
        },
        "http_req_duration": {
            "p(95)": 44827.281149999995,
            "avg": 4500.385976833629,
            "min": 17.0016,
            "med": 265.2433,
            "max": 60032.4766,
            "p(90)": 3771.6109,
            "thresholds": {
                "p(95)<1000": true
            }
        },
        "http_req_failed": {
            "fails": 15683,
            "passes": 228,
            "thresholds": {
                "rate<0.01": true
            },
            "value": 0.014329709006347809
        },
        "vus": {
            "value": 1,
            "min": 1,
            "max": 100
        },
        "data_received": {
            "count": 6128331366,
            "rate": 7280954.142948375
        },
        "http_req_duration{expected_response:true}": {
            "p(90)": 2627.9712400000003,
            "p(95)": 40248.91206999999,
            "avg": 3693.6509650130647,
            "min": 17.0016,
            "med": 259.2593,
            "max": 59996.739
        },
        "http_req_tls_handshaking": {
            "min": 0,
            "med": 0,
            "max": 4034.3169,
            "p(90)": 0,
            "p(95)": 0,
            "avg": 3.239745440261453
        },
        "data_sent": {
            "rate": 9576.916703265988,
            "count": 8060828
        },
        "http_req_receiving": {
            "min": 0,
            "med": 70.12,
            "max": 59906.9686,
            "p(90)": 2969.6516,
            "p(95)": 44406.496849999996,
            "avg": 4283.42713080259
        },
        "iterations": {
            "count": 1442,
            "rate": 1.7132128220710767
        },
        "http_req_connecting": {
            "avg": 1.4784878700270252,
            "min": 0,
            "med": 0,
            "max": 3011.9951,
            "p(90)": 0,
            "p(95)": 0
        },
        "http_reqs": {
            "count": 15911,
            "rate": 18.90355701246387
        },
        "http_req_sending": {
            "p(90)": 0,
            "p(95)": 0,
            "avg": 0.02283854566023507,
            "min": 0,
            "med": 0,
            "max": 79.0013
        },
        "vus_max": {
            "value": 100,
            "min": 100,
            "max": 100
        },
        "checks": {
            "passes": 15646,
            "fails": 635147,
            "value": 0.024041438675585017
        }
    },
    "root_group": {
        "groups": {},
        "checks": {
                "302": {
                    "name": "302",
                    "path": "::302",
                    "id": "b1c55e52941fe35ae0963d9d315a965d",
                    "passes": 7215,
                    "fails": 8658
                },
                "200 OK": {
                    "fails": 7442,
                    "name": "200 OK",
                    "path": "::200 OK",
                    "id": "e9654c443eff553da9e69eda7007924e",
                    "passes": 8431
                },
                "201 Created": {
                    "id": "728dcd977aae263ca314731145e1d447",
                    "passes": 0,
                    "fails": 15873,
                    "name": "201 Created",
                    "path": "::201 Created"
                },
                "202 Accepted": {
                    "name": "202 Accepted",
                    "path": "::202 Accepted",
                    "id": "acab4da37fb572a972947bf17f4325bd",
                    "passes": 0,
                    "fails": 15873
                },
                "203 Non-Authoritative Information": {
                    "passes": 0,
                    "fails": 15873,
                    "name": "203 Non-Authoritative Information",
                    "path": "::203 Non-Authoritative Information",
                    "id": "b7472590a531600716e1cfe36a2cc16b"
                },
                "204 No Content": {
                    "fails": 15873,
                    "name": "204 No Content",
                    "path": "::204 No Content",
                    "id": "54fa3c2eda34e1622fda2da5e0479fc5",
                    "passes": 0
                },
                "205 Reset Content": {
                    "fails": 15873,
                    "name": "205 Reset Content",
                    "path": "::205 Reset Content",
                    "id": "f2fbc0d2e96017dc8a20874fb2b3eb3e",
                    "passes": 0
                },
                "206 Partial Content": {
                    "path": "::206 Partial Content",
                    "id": "ba835ad858048a86f1ba78a4bfe7f068",
                    "passes": 0,
                    "fails": 15873,
                    "name": "206 Partial Content"
                },
                "300 Multiple Choices": {
                    "name": "300 Multiple Choices",
                    "path": "::300 Multiple Choices",
                    "id": "7e7d3f02d12c1fa7ab9c4e881a5cf318",
                    "passes": 0,
                    "fails": 15873
                },
                "301 Moved Permanently": {
                    "name": "301 Moved Permanently",
                    "path": "::301 Moved Permanently",
                    "id": "1b7d2a39fe4cc638ad2754ac67f00ccb",
                    "passes": 0,
                    "fails": 15873
                },
                "303 See Other": {
                    "name": "303 See Other",
                    "path": "::303 See Other",
                    "id": "0d0e93d7c99bc155272a5204f7643299",
                    "passes": 0,
                    "fails": 15873
                },
                "304 Not Modified": {
                    "name": "304 Not Modified",
                    "path": "::304 Not Modified",
                    "id": "d975419d4125d2ee752ac1907c0b673a",
                    "passes": 0,
                    "fails": 15873
                },
                "305 Use Proxy": {
                    "name": "305 Use Proxy",
                    "path": "::305 Use Proxy",
                    "id": "b7a07ac53f4aa9d40fbbc8a330d32004",
                    "passes": 0,
                    "fails": 15873
                },
                "307 Temporary Redirect": {
                    "name": "307 Temporary Redirect",
                    "path": "::307 Temporary Redirect",
                    "id": "476c5e7bdd14b41e2c353568d067cad5",
                    "passes": 0,
                    "fails": 15873
                },
                "308 Permanent Redirect": {
                    "path": "::308 Permanent Redirect",
                    "id": "89363db764ec770f0fb743190f6d5338",
                    "passes": 0,
                    "fails": 15873,
                    "name": "308 Permanent Redirect"
                },
                "400 Bad Request": {
                    "id": "eeae81934b9b58bccaf0184a6d070338",
                    "passes": 0,
                    "fails": 15873,
                    "name": "400 Bad Request",
                    "path": "::400 Bad Request"
                },
                "401 Unauthorized": {
                    "name": "401 Unauthorized",
                    "path": "::401 Unauthorized",
                    "id": "6ae9254e6aefe7f0bafe5102fa7e20a5",
                    "passes": 0,