{
    "metrics": {
        "data_sent": {
            "count": 4388289,
            "rate": 5201.083437072578
        },
        "http_req_receiving": {
            "p(90)": 4814.163060000001,
            "p(95)": 59424.125340000006,
            "avg": 6082.232640532264,
            "min": 0,
            "med": 200.717,
            "max": 59929.2369
        },
        "data_received": {
            "count": 2783460869,
            "rate": 3299010.6675963104
        },
        "iteration_duration": {
            "p(95)": 80534.51434,
            "avg": 71968.53919492042,
            "min": 1739.0843,
            "med": 75018.06855,
            "max": 83778.2749,
            "p(90)": 79198.79299
        },
        "http_req_tls_handshaking": {
            "avg": 9.21909434370771,
            "min": 0,
            "med": 0,
            "max": 341.1837,
            "p(90)": 0,
            "p(95)": 66.45835999999994
        },
        "http_req_sending": {
            "max": 12.3942,
            "p(90)": 0,
            "p(95)": 0.0297,
            "avg": 0.023431844835363105,
            "min": 0,
            "med": 0
        },
        "iterations": {
            "count": 1004,
            "rate": 1.1899598615362088
        },
        "http_req_duration{expected_response:true}": {
            "avg": 1607.1157871224743,
            "min": 16.9507,
            "med": 355.7951,
            "max": 59758.2054,
            "p(90)": 4013.0605400000004,
            "p(95)": 4801.750759999999
        },
        "http_req_blocked": {
            "avg": 11.828901046459189,
            "min": 0,
            "med": 0,
            "max": 357.1461,
            "p(90)": 0.04834000000000015,
            "p(95)": 92.57951999999996
        },
        "vus": {
            "min": 1,
            "max": 100,
            "value": 3
        },
        "http_req_waiting": {
            "avg": 370.51035012178517,
            "min": 4.6165,
            "med": 114.1347,
            "max": 4764.2031,
            "p(90)": 905.4797200000002,
            "p(95)": 1358.597019999996
        },
        "http_reqs": {
            "rate": 13.138152455307644,
            "count": 11085
        },
        "http_req_connecting": {
            "med": 0,
            "max": 87.5477,
            "p(90)": 0,
            "p(95)": 16.48828,
            "avg": 2.593274894000899,
            "min": 0
        },
        "http_req_duration": {
            "p(90)": 6365.231400000002,
            "p(95)": 60001.4323,
            "avg": 6452.766422498885,
            "min": 16.9507,
            "med": 724.5223,
            "max": 60017.3572,
            "thresholds": {
                "p(95)<1000": true
            }
        },
        "checks": {
            "passes": 10129,
            "fails": 442675,
            "value": 0.022369502036201094
        },
        "vus_max": {
            "min": 100,
            "max": 100,
            "value": 100
        },
        "http_req_failed": {
            "passes": 920,
            "fails": 10165,
            "thresholds": {
                "rate<0.01": true
            },
            "value": 0.08299503834009923
        }
    },
    "root_group": {
        "path": "",
        "id": "d41d8cd98f00b204e9800998ecf8427e",
        "groups": {},
        "checks": {
                "302": {
                    "name": "302",
                    "path": "::302",
                    "id": "b1c55e52941fe35ae0963d9d315a965d",
                    "passes": 5020,
                    "fails": 6024
                },
                "200 OK": {
                    "name": "200 OK",
                    "path": "::200 OK",
                    "id": "e9654c443eff553da9e69eda7007924e",
                    "passes": 5109,
                    "fails": 5935
                },
                "201 Created": {
                    "name": "201 Created",
                    "path": "::201 Created",
                    "id": "728dcd977aae263ca314731145e1d447",
                    "passes": 0,
                    "fails": 11044
                },
                "202 Accepted": {
                    "id": "acab4da37fb572a972947bf17f4325bd",
                    "passes": 0,
                    "fails": 11044,
                    "name": "202 Accepted",
                    "path": "::202 Accepted"
                },
                "203 Non-Authoritative Information": {
                    "fails": 11044,
                    "name": "203 Non-Authoritative Information",
                    "path": "::203 Non-Authoritative Information",
                    "id": "b7472590a531600716e1cfe36a2cc16b",
                    "passes": 0
                },
                "204 No Content": {
                    "name": "204 No Content",
                    "path": "::204 No Content",
                    "id": "54fa3c2eda34e1622fda2da5e0479fc5",
                    "passes": 0,
                    "fails": 11044
                },
                "205 Reset Content": {
                    "name": "205 Reset Content",
                    "path": "::205 Reset Content",
                    "id": "f2fbc0d2e96017dc8a20874fb2b3eb3e",
                    "passes": 0,
                    "fails": 11044
                },
                "206 Partial Content": {
                    "name": "206 Partial Content",
                    "path": "::206 Partial Content",
                    "id": "ba835ad858048a86f1ba78a4bfe7f068",
                    "passes": 0,
                    "fails": 11044
                },
                "300 Multiple Choices": {
                    "name": "300 Multiple Choices",
                    "path": "::300 Multiple Choices",
                    "id": "7e7d3f02d12c1fa7ab9c4e881a5cf318",
                    "passes": 0,
                    "fails": 11044
                },
                "301 Moved Permanently": {
                    "name": "301 Moved Permanently",
                    "path": "::301 Moved Permanently",
                    "id": "1b7d2a39fe4cc638ad2754ac67f00ccb",
                    "passes": 0,
                    "fails": 11044
                },
                "303 See Other": {
                    "fails": 11044,
                    "name": "303 See Other",
                    "path": "::303 See Other",
                    "id": "0d0e93d7c99bc155272a5204f7643299",
                    "passes": 0
                },
                "304 Not Modified": {
                    "name": "304 Not Modified",
                    "path": "::304 Not Modified",
                    "id": "d975419d4125d2ee752ac1907c0b673a",
                    "passes": 0,
                    "fails": 11044
                },
                "305 Use Proxy": {
                    "passes": 0,
                    "fails": 11044,
                    "name": "305 Use Proxy",
                    "path": "::305 Use Proxy",
                    "id": "b7a07ac53f4aa9d40fbbc8a330d32004"
                },
                "307 Temporary Redirect": {
                    "name": "307 Temporary Redirect",
                    "path": "::307 Temporary Redirect",
                    "id": "476c5e7bdd14b41e2c353568d067cad5",
                    "passes": 0,
                    "fails": 11044
                },
                "308 Permanent Redirect": {
                    "name": "308 Permanent Redirect",
                    "path": "::308 Permanent Redirect",
                    "id": "89363db764ec770f0fb743190f6d5338",
                    "passes": 0,
                    "fails": 11044
                },
                "400 Bad Request": {
                    "name": "400 Bad Request",
                    "path": "::400 Bad Request",
                    "id": "eeae81934b9b58bccaf0184a6d070338",
                    "passes": 0,
                    "fails": 11044
                },
                "401 Unauthorized": {
                    "path": "::401 Unauthorized",