{
    "metrics": {
        "checks": {
            "passes": 19536,
            "fails": 781440,
            "value": 0.024390243902439025
        },
        "http_req_sending": {
            "min": 0,
            "med": 0,
            "max": 8.9552,
            "p(90)": 0,
            "p(95)": 0,
            "avg": 0.015578132268176764
        },
        "data_sent": {
            "count": 6310676,
            "rate": 7476.775678829237
        },
        "http_req_blocked": {
            "avg": 0.6021909394276467,
            "min": 0,
            "med": 0,
            "max": 66.4819,
            "p(90)": 0,
            "p(95)": 0
        },
        "vus": {
            "min": 1,
            "max": 100,
            "value": 1
        },
        "http_reqs": {
            "count": 19778,
            "rate": 23.43261948100087
        },
        "iterations": {
            "count": 1774,
            "rate": 2.101803365319827
        },
        "vus_max": {
            "min": 100,
            "max": 100,
            "value": 100
        },
        "data_received": {
            "count": 7952311357,
            "rate": 9421755.79042485
        },
        "http_req_duration": {
            "max": 23568.9339,
            "p(90)": 11808.304169999994,
            "p(95)": 14690.949539999989,
            "avg": 3637.349283860845,
            "min": 1.612,
            "med": 210.9937,
            "thresholds": {
                "p(95)<1000": true
            }
        },
        "http_req_tls_handshaking": {
            "avg": 0.33843340074830586,
            "min": 0,
            "med": 0,
            "max": 51.8855,
            "p(90)": 0,
            "p(95)": 0
        },
        "http_req_connecting": {
            "min": 0,
            "med": 0,
            "max": 29.7294,
            "p(90)": 0,
            "p(95)": 0,
            "avg": 0.2574200980887854
        },
        "http_req_receiving": {
            "avg": 30.596972408736864,
            "min": 0,
            "med": 0.8414,
            "max": 1364.4918,
            "p(90)": 28.21672,
            "p(95)": 213.62542499999935
        },
        "http_req_failed": {
            "fails": 19778,
            "passes": 0,
            "thresholds": {
                "rate<0.01": false
            },
            "value": 0
        },
        "iteration_duration": {
            "avg": 40850.75646927843,
            "min": 1649.3705,
            "med": 43058.932,
            "max": 88307.7426,
            "p(90)": 72292.40206,
            "p(95)": 75808.43366
        },
        "http_req_waiting": {
            "avg": 3606.7367333198335,
            "min": 0.5156,
            "med": 93.14935,
            "max": 23550.4615,
            "p(90)": 11802.880319999997,
            "p(95)": 14677.969334999967
        },
        "http_req_duration{expected_response:true}": {
            "avg": 3637.349283860845,
            "min": 1.612,
            "med": 210.9937,
            "max": 23568.9339,
            "p(90)": 11808.304169999994,
            "p(95)": 14690.949539999989
        }
    },
    "root_group": {
        "id": "d41d8cd98f00b204e9800998ecf8427e",
        "groups": {},
        "checks": {
                "302": {
                    "id": "b1c55e52941fe35ae0963d9d315a965d",
                    "passes": 8880,
                    "fails": 10656,
                    "name": "302",
                    "path": "::302"
                },
                "200 OK": {
                    "name": "200 OK",
                    "path": "::200 OK",
                    "id": "e9654c443eff553da9e69eda7007924e",
                    "passes": 10656,
                    "fails": 8880
                },
                "201 Created": {
                    "id": "728dcd977aae263ca314731145e1d447",
                    "passes": 0,
                    "fails": 19536,
                    "name": "201 Created",
                    "path": "::201 Created"
                },
                "202 Accepted": {
                    "name": "202 Accepted",
                    "path": "::202 Accepted",
                    "id": "acab4da37fb572a972947bf17f4325bd",
                    "passes": 0,
                    "fails": 19536
                },
                "203 Non-Authoritative Information": {
                    "passes": 0,
                    "fails": 19536,
                    "name": "203 Non-Authoritative Information",
                    "path": "::203 Non-Authoritative Information",
                    "id": "b7472590a531600716e1cfe36a2cc16b"
                },
                "204 No Content": {
                    "fails": 19536,
                    "name": "204 No Content",
                    "path": "::204 No Content",
                    "id": "54fa3c2eda34e1622fda2da5e0479fc5",
                    "passes": 0
                },
                "205 Reset Content": {
                    "name": "205 Reset Content",
                    "path": "::205 Reset Content",
                    "id": "f2fbc0d2e96017dc8a20874fb2b3eb3e",
                    "passes": 0,
                    "fails": 19536
                },
                "206 Partial Content": {
                    "name": "206 Partial Content",
                    "path": "::206 Partial Content",
                    "id": "ba835ad858048a86f1ba78a4bfe7f068",
                    "passes": 0,
                    "fails": 19536
                },
                "300 Multiple Choices": {
                    "fails": 19536,
                    "name": "300 Multiple Choices",
                    "path": "::300 Multiple Choices",
                    "id": "7e7d3f02d12c1fa7ab9c4e881a5cf318",
                    "passes": 0
                },
                "301 Moved Permanently": {
                    "name": "301 Moved Permanently",
                    "path": "::301 Moved Permanently",
                    "id": "1b7d2a39fe4cc638ad2754ac67f00ccb",
                    "passes": 0,
                    "fails": 19536
                },
                "303 See Other": {
                    "fails": 19536,
                    "name": "303 See Other",
                    "path": "::303 See Other",
                    "id": "0d0e93d7c99bc155272a5204f7643299",
                    "passes": 0
                },
                "304 Not Modified": {
                    "path": "::304 Not Modified",
                    "id": "d975419d4125d2ee752ac1907c0b673a",
                    "passes": 0,
                    "fails": 19536,
                    "name": "304 Not Modified"
                },
                "305 Use Proxy": {
                    "path": "::305 Use Proxy",
                    "id": "b7a07ac53f4aa9d40fbbc8a330d32004",
                    "passes": 0,
                    "fails": 19536,
                    "name": "305 Use Proxy"
                },
                "307 Temporary Redirect": {
                    "name": "307 Temporary Redirect",
                    "path": "::307 Temporary Redirect",
                    "id": "476c5e7bdd14b41e2c353568d067cad5",
                    "passes": 0,
                    "fails": 19536
                },
                "308 Permanent Redirect": {
                    "id": "89363db764ec770f0fb743190f6d5338",
                    "passes": 0,
                    "fails": 19536,
                    "name": "308 Permanent Redirect",
                    "path": "::308 Permanent Redirect"
                },
                "400 Bad Request": {
                    "name": "400 Bad Request",
                    "path": "::400 Bad Request",
                    "id": "eeae81934b9b58bccaf0184a6d070338",
                    "passes": 0,
                    "fails": 19536
                },
                "401 Unauthorized": {
                    "fails": 19536,
                    "name": "401 Unauthorized",
                    "path": "::401 Unauthorized",
                    "id": "6ae9254e6aefe7f0bafe5102fa7e20a5",